Open,High,Low,Close
333.83374,341.444244,333.828766,337.976776
341.180939,341.280304,335.453186,336.461639
337.802917,338.796448,334.578888,336.690155
336.06424,339.308136,333.431335,335.393585
337.733368,338.299683,335.319061,337.951935
337.554535,343.217712,337.167053,341.573395
345.150116,345.527679,341.464111,341.737335
340.038391,341.210754,335.59726,339.273346
340.525208,341.031921,336.585846,338.657349
335.319061,336.923645,331.091583,331.404541
332.93457,333.575409,323.510864,324.037445
325.209808,332.01059,323.048889,329.372742
329.730408,332.73587,328.299713,330.798462
329.357849,331.642975,326.988251,327.395599
328.195404,328.9505,323.148224,324.166595
322.899841,327.867523,319.869568,321.538696
320.907806,324.400085,315.945068,321.498962
325.731445,332.298706,325.646973,331.946014
332.591797,336.809387,330.137787,332.820313
332.333496,332.73587,328.066254,330.783569
332.820313,332.835236,330.897827,331.826782
331.066742,331.34491,327.380707,328.438812
327.951996,335.319061,326.873993,333.187927
331.846649,340.242065,329.799957,339.626068
341.667786,344.708008,338.796448,343.709503
343.421387,347.35083,340.629547,346.928558
348.851074,350.664276,344.812317,345.378632
345.254456,345.507813,340.634491,343.282288
343.838654,345.006073,338.960388,341.687653
341.573395,345.557495,340.043335,343.33197
345.254456,346.188385,339.005096,339.894318
340.480499,343.590271,339.685669,340.495392
342.770599,348.692108,341.63797,346.188385
347.355774,349.481964,344.499359,346.526184
355.646851,355.920074,347.51474,349.079559
347.325989,351.623016,346.958374,348.711975
350.47052,358.627472,349.735321,358.061157
355.98465,362.194275,355.214661,358.205231
358.026398,359.163971,356.024414,357.728333
359.293152,359.983643,356.168457,358.846039
354.678162,357.087494,352.964294,355.502808
354.946411,355.279236,351.449158,352.457611
351.747223,354.136688,348.935516,352.144653
351.285217,352.12973,347.047791,350.862976
348.57785,351.170959,347.743256,347.743256
347.738312,352.989136,345.751221,351.404449
357.385559,361.151062,355.959839,359.288177
360.122742,363.600128,358.031342,359.496826
362.313507,368.339294,361.488861,366.600616
365.348755,367.301056,362.929504,365.001007
365.393463,365.771027,359.874359,364.280701
363.769043,366.789398,361.945892,366.67514
369.014923,370.092896,364.380066,368.344269
368.6026,368.816193,365.771027,367.604095
366.118744,368.701935,358.841095,359.288177
357.340851,365.125214,353.749207,360.122742
358.865936,359.829651,354.529144,355.28421
356.536072,357.494843,353.212677,353.361725
352.884827,354.082031,348.398987,349.978729
350.053253,350.391052,345.512787,349.164032
365.617004,372.079987,365.51767,368.354218
368.225037,375.969666,367.862396,374.668152
372.959259,376.789337,372.700928,374.399902
373.45105,375.358643,371.528564,372.939392
370.96225,376.029297,370.857941,374.404846
374.434662,378.016357,374.022339,374.47937
372.830109,376.362122,372.700928,375.403351
376.650238,385.790802,376.600586,385.294037
381.364594,382.745605,376.685028,377.057617
378.105774,383.063538,377.281158,380.395905
377.082428,383.982574,376.799286,382.596588
382.363098,386.888672,380.276672,384.474365
387.544403,390.793274,387.26123,390.147461
386.684998,388.970123,384.375,388.682007
388.349152,391.404297,387.16684,387.827545
387.544403,390.137543,387.464905,388.900574
387.345703,391.821564,386.372009,391.364563
391.155914,394.066986,390.991974,393.883179
395.423157,400.892578,395.070435,400.818054
400.048065,401.871216,393.336731,393.669556
396.421661,400.122589,393.053558,395.194641
397.047577,398.036163,394.335236,397.271149
398.55777,401.593018,392.690918,392.830017
394.931366,395.40329,389.665588,392.512085
394.832001,399.774841,392.998932,397.305908
397.961639,400.887604,397.92688,398.011322
396.322296,400.962128,395.502625,400.490204
400.048065,408.761414,399.899048,408.095734
411.786713,417.360474,411.77182,416.590485
417.797638,419.273041,411.727112,413.003815
414.335144,415.606873,412.109619,413.609863
414.553741,414.76236,409.859253,413.073364
413.157806,417.136932,413.063416,414.712708
412.670959,413.257172,409.173706,411.130981
411.275055,412.661041,408.498108,409.988434
410.822998,410.822998,406.054016,408.115601
406.605438,407.499603,404.042084,404.518982
399.899048,403.753967,398.145447,401.285034
402.998871,406.977997,400.619354,403.038635
405.775818,406.113617,403.098236,404.722656
403.023712,405.820526,402.30838,403.00882
404.737579,404.985962,402.204041,402.536896
403.580109,406.968079,400.803162,402.204041
404.121582,404.369965,401.285034,403.585083
400.733612,400.892578,398.075897,398.736603
399.397308,400.082855,394.086853,394.528961
394.93631,398.532928,394.062012,398.006348
399.670532,404.782288,399.402283,403.893066
404.101715,404.46933,397.748047,400.495178
399.526459,400.271606,393.093292,394.966125
390.490234,390.95224,385.691437,388.994965
386.858856,387.256256,381.717285,384.921448
385.244354,389.342712,384.057068,386.312408
388.930389,393.614929,385.492737,392.536926
393.878204,393.987488,389.496704,392.641235
393.436066,393.490723,388.935364,392.472351
390.435608,395.924896,385.999451,388.438568
390.75354,395.428131,389.427155,394.121613
390.833008,392.864807,386.53595,388.751556
390.137543,390.361084,378.17038,380.480347
382.094849,399.124084,380.654205,397.350616
397.713257,399.382416,384.995972,397.469849
397.911957,405.115112,397.594025,401.339661
401.444,406.357025,401.389343,404.096741
405.487701,405.596985,401.205536,401.935791
401.190643,401.260193,395.716248,398.120605
399.029694,408.691864,398.905518,406.883606
406.853821,411.145905,406.198059,409.620819
408.970032,409.695313,405.542328,407.564178
407.400269,414.578552,406.878632,412.124542
415.775787,420.663971,415.298889,420.127472
421.389282,428.14035,421.389282,427.991333
428.716614,429.143829,422.586487,425.845276
425.731018,434.116486,423.699249,433.99231
432.606323,436.987823,431.309753,432.924255
434.826874,437.424957,433.262054,437.270966
436.605316,438.383728,433.868103,435.929688
435.914795,441.473633,435.735962,440.683777
444.856628,455.229187,444.121429,454.985748
456.530701,457.017548,448.090607,449.014587
452.069733,453.793518,447.350403,451.652435
449.575928,457.325531,449.575928,451.329529
451.076172,452.88443,445.904816,450.554565
448.363831,451.71701,440.574493,441.836273
435.666412,442.104523,434.176117,438.542694
434.802032,436.570526,432.690765,433.838287
438.895416,443.1875,437.355438,437.787628
435.025574,436.158203,429.352478,431.349487
432.149292,436.61026,430.40564,432.566559
431.255096,435.666412,430.957031,432.795074
433.679321,434.161194,424.747437,431.011688
431.120972,432.482117,424.275482,426.774231
428.468231,431.915802,425.795624,427.072296
429.357452,430.365875,420.87262,429.526337
432.397675,437.156708,429.864136,437.022583
438.199921,442.621185,437.201416,442.233704
439.128876,440.634094,436.918274,437.062317
439.86908,440.137329,432.015167,433.172638
431.682312,436.987823,429.953552,435.666412
437.20639,439.491516,434.240692,434.692749
436.7742,441.841248,436.302277,440.261536
441.453766,447.588867,441.304749,447.400085
447.772675,452.477081,445.850189,447.429901
444.106506,447.588867,438.801025,439.511414
441.299774,442.064789,433.714111,437.618713
433.122955,435.328613,428.835846,432.084717
435.795563,436.997742,429.461761,430.3013
434.05191,436.163177,432.472198,434.002228
436.560608,439.486572,435.492554,435.701172
434.623199,438.07077,434.270477,437.340515
440.36087,443.157684,439.640564,441.071259
442.223755,442.621185,435.800537,438.30426
437.107025,441.712097,436.41156,440.350952
442.129364,444.81192,440.803009,443.858124
446.699646,450.206848,445.641541,449.620636
452.556549,453.525269,446.088623,449.69516
448.805939,452.626099,447.280884,450.067749
453.550079,457.429871,451.324554,457.146698
457.027466,458.517792,454.662842,458.517792
459.163574,461.001617,455.219238,459.35733
460.569427,460.986725,453.997192,456.83374
457.524231,460.435303,455.189423,456.307159
456.525726,457.027466,448.676788,452.397583
440.440369,448.557556,434.975891,445.403076
448.085632,453.386169,445.601776,452.407532
452.407532,453.550079,446.878479,448.979828
450.698639,452.208832,447.43985,448.532715
444.046906,445.527283,440.177063,440.981842
440.62912,442.119446,438.150269,439.814423
439.590881,444.518829,437.598846,438.284393
439.86908,444.911285,437.588898,442.581421
443.609741,445.358368,440.226746,441.006683
444.608246,449.352386,444.608246,449.188477
448.800995,450.569489,447.499451,450.355865
449.769684,449.834259,446.694672,449.575928
449.421936,451.91571,444.970886,445.388184
444.628113,446.322113,441.672333,442.447296
444.851654,445.025543,439.784637,443.445801
442.402588,444.866577,442.12442,442.328094
440.584412,440.634094,437.976379,439.893921
440.549652,441.379242,435.268982,437.777679
436.346985,437.270966,430.778198,432.094635
429.427002,429.665436,426.227814,427.052429
427.857208,428.433441,425.502502,425.68631
426.08374,433.182556,425.95459,430.028076
431.369354,433.237213,428.979889,429.913818
432.511932,435.621704,430.450348,431.856201
433.530304,434.548676,432.313232,434.032043
436.078735,436.163177,432.06485,432.293335
432.189026,434.623199,430.226776,430.395691
427.032562,429.07428,421.210419,422.328156
422.377838,424.941162,421.145844,421.533325
421.791656,427.410095,421.553192,424.951111
425.115051,426.247681,420.048004,420.713654
424.419556,430.296326,424.215881,427.410095
427.395203,433.927704,424.82193,432.998749
433.927704,437.097107,432.988831,436.938141
438.368835,439.034515,434.046936,436.948059
439.009674,442.000214,438.358887,441.155701
442.134338,443.11795,439.143799,441.463715
441.399109,445.586884,440.177063,445.199402
445.800507,446.048889,442.129364,443.644531
444.359863,444.946045,439.561066,441.662415
445.204376,445.601776,439.575989,441.011658
440.837769,441.324615,437.653473,440.191986
440.311188,449.06427,438.681793,448.741364
450.067749,450.067749,444.806946,446.292297
446.292297,449.143738,444.91626,448.637054
445.179535,447.881958,439.739929,440.385712
440.385712,442.174072,437.852203,440.554626
440.410553,440.410553,434.970947,435.78067
436.312195,438.522827,434.672882,436.24762
434.583466,435.924744,432.839783,435.363373
431.731995,437.574005,431.349487,435.124939
437.280914,440.966949,437.181549,440.634094
438.512909,441.806488,436.073761,441.125916
441.130859,444.161163,433.232239,435.214355
434.672882,435.919769,432.189026,433.356445
430.922272,434.171143,429.263062,430.072784
429.864136,430.192017,423.063385,424.076782
425.373352,428.537781,418.766327,425.164703
429.128937,431.607819,427.325653,431.314728
430.216858,433.917786,429.854218,433.177612
430.529816,435.293823,429.898926,435.224274
435.050415,439.953522,434.176117,438.155212
440.072754,446.262482,439.148773,446.113464
443.609741,445.552124,440.003204,441.523315
485.134674,504.449036,483.852997,502.437134
502.461975,506.207611,496.545441,498.408325
499.252838,503.22699,494.677612,500.246368
497.265778,514.031738,497.08197,512.372498
512.601013,516.922913,509.088867,509.461456
511.085876,511.085876,502.104309,504.319885
504.319885,508.408295,503.222015,504.22052
506.257294,515.119629,503.475372,514.771912
515.363037,515.402771,509.684998,511.880707
511.140533,517.394836,508.676544,511.960205
512.561279,514.65271,509.237885,510.20163
512.417236,512.849426,507.71283,509.739624
506.878235,512.49176,505.422699,507.459473
509.486298,510.181763,504.404327,508.070496
508.000946,508.656677,500.564301,500.718323
501.115723,505.959229,500.991547,504.732208
501.493256,504.682526,500.743134,502.029785
500.594116,505.492249,499.252838,502.620941
500.122192,513.08783,499.997986,512.899109
513.619385,516.515564,511.845947,514.270142
514.091309,515.64624,511.82605,513.440552
514.528503,520.981506,511.294525,512.442078
512.526489,514.031738,508.219513,509.287567
511.647217,513.341187,506.883209,507.851898
510.181763,515.800232,509.684998,513.693909
513.371033,514.737122,511.284576,512.610962
515.228943,523.192139,514.165833,519.585571
520.911987,527.320313,518.100281,525.785278
527.583557,530.549316,526.575134,528.120117
527.648132,529.86377,526.301941,526.37146
528.318787,529.729614,521.984985,523.832947
522.079407,528.283997,521.120605,523.226929
522.288025,528.552307,521.607422,525.671021
525.184204,526.40625,522.148926,525.253723
531.438477,531.542847,526.614868,531.478271
532.034607,537.658081,530.559204,535.586548
534.597961,542.625732,534.349548,538.825439
540.186584,542.133911,534.111145,535.164246
536.296875,537.971008,531.046082,531.522949
534.225403,534.66748,525.526978,526.96759
528.562195,533.872681,527.573669,533.023193
532.943726,536.888062,530.738037,531.473267
532.461853,538.969543,526.098267,538.870178
536.893005,542.466797,536.053467,539.600403
540.633728,547.0271,540.48468,546.753906
550.340576,554.294861,548.98938,553.947083
553.882507,554.016663,550.469727,552.327637
553.40564,555.884521,550.762817,555.119507
556.381287,556.520386,552.874084,555.586426
556.550171,556.629639,550.926758,551.145325
552.526367,556.878052,549.555664,556.734009
554.125916,555.26355,550.549194,552.963501
553.897461,554.856201,548.894958,548.929749
552.908875,555.814941,549.645081,555.049927
558.865112,566.162659,556.95752,565.750366
569.297241,569.953003,562.983337,566.927673
568.025513,568.413025,559.143311,561.468201
565.859619,565.859619,557.499023,561.438354
559.595398,569.749329,554.975403,557.861633
565.298279,571.781128,560.400146,570.986267
572.769714,573.768188,568.199402,570.598816
570.83728,575.223694,570.290833,574.374268
574.687195,576.565002,568.403076,571.547607
576.71405,578.239136,571.930176,578.090088
579.535706,580.17157,575.68573,578.745789
576.252014,577.489014,573.4552,576.301697
571.786072,573.047852,557.871582,558.283875
559.41156,559.610291,537.638184,547.056946
551.572571,559.237671,551.383789,557.876526
555.944092,557.25061,546.157776,549.883545
568.800476,572.521301,559.982849,564.02655
581.890381,589.436279,571.845703,586.669312
585.789978,587.04187,562.347473,563.052856
565.318176,573.768188,564.831299,565.402588
567.995728,571.66687,560.365356,567.906311
571.845703,576.331543,570.067261,576.232178
580.042358,585.144226,576.530212,584.91571
582.113892,587.379639,580.73291,582.675232
586.271851,592.084045,582.317566,591.244507
590.658325,591.15509,586.872986,589.510803
586.559998,596.07312,586.018494,596.07312
593.941956,598.303589,592.546082,597.513733
596.823242,602.516235,596.122803,601.527649
598.755676,600.703003,594.880859,597.285217
597.682678,599.545532,596.232056,598.16449
600.002563,601.025879,597.53363,598.005554
598.785461,606.137634,598.656311,602.337402
604.041321,608.29364,601.299133,606.058167
608.045227,610.469482,602.958313,606.142639
605.258362,608.159485,604.572815,605.66571
606.227051,608.139648,599.212708,603.897217
599.476013,600.017456,592.218201,597.459106
603.574341,604.071106,600.842102,603.529602
603.599182,607.588196,601.790955,605.193787
607.190796,609.113281,605.362671,605.864441
609.436218,609.530579,601.805847,603.470032
603.917114,604.885803,598.154602,601.870422
602.963318,603.236511,594.453674,596.117798
594.334412,600.022461,588.26886,599.749207
600.072083,601.338867,588.552063,590.688171
587.175964,591.58728,582.476563,582.610657
585.814819,594.667236,585.248535,592.198303
593.475037,601.850525,592.675232,601.716431
601.98468,602.079041,593.345886,595.750244
596.097961,600.896729,593.81781,594.711975
599.257385,600.906677,587.40448,587.697571
588.26886,588.621582,569.272461,575.223694
579.232666,581.140259,569.794067,575.61615
577.250549,581.999634,562.094116,562.327576
564.893921,564.893921,549.896362,555.406067
558.131104,563.33252,555.614929,556.927734
563.789978,563.899353,553.88446,553.924255
555.654724,565.341431,555.654724,564.058533
596.708984,601.522522,559.115662,563.899353
566.733765,584.068481,561.045044,566.62439
571.507568,574.610474,540.03064,540.169861
537.782959,545.480652,524.267273,535.207153
539.632813,551.965027,538.648193,551.86554
556.559753,562.27832,549.926208,561.054993
561.910339,561.910339,536.947571,537.991821
529.637756,537.046997,523.650696,527.698425
535.30658,541.124634,526.664124,529.60791
533.884399,535.505493,515.624817,533.50647
540.03064,553.954041,537.046997,553.496582
545.808838,546.495056,528.245422,533.168335
533.168335,533.765076,522.725769,525.729248
525.749146,534.292175,524.625305,531.885437
530.870972,530.950562,523.372192,524.058472
527.171326,528.742676,519.264832,522.288208
519.652649,521.830688,512.60144,513.3573
514.351807,515.764038,500.050446,514.32196
514.073364,526.564636,513.496521,524.81427
524.714844,525.112671,519.662598,523.779968
524.227539,530.015686,521.015198,528.444336
530.841125,531.079834,522.735718,525.04303
521.950012,526.007751,518.469177,524.923706
522.357788,523.929138,512.243408,512.322998
512.969421,513.854553,500.547729,507.171295
505.679504,514.40155,503.680481,508.205627
507.95697,517.056946,501.44281,515.893311
520.647217,527.290649,516.171814,527.022156
527.986816,533.138489,526.61438,530.174805
530.085327,530.085327,522.41748,523.77002
522.825195,522.994324,514.590515,517.136536
518.538818,518.946533,512.621338,517.782959
516.858032,526.882935,514.752625,525.967957
526.84314,533.297668,523.421936,526.872986
529.98584,536.234497,529.001282,535.992798
538.170837,544.605469,537.822754,542.079346
544.267334,550.612427,540.726807,549.677551
552.959534,562.904846,551.318542,562.855103
561.482666,564.734802,557.93219,558.608459
560.269348,560.915771,555.654724,557.017212
557.733276,558.280273,552.869995,556.828247
557.63385,557.832764,542.745667,550.900879
547.976929,549.319519,539.583069,541.960022
538.538818,545.609924,535.803833,541.681519
543.412048,551.915283,541.472717,550.871033
555.00824,555.00824,545.928223,553.28772
554.103271,559.821777,552.999329,559.046082
557.444885,560.517944,554.849121,557.484619
554.948608,556.818298,551.984863,555.783997
554.252441,554.93866,545.460754,548.334961
549.23999,549.279785,542.576599,548.742737
546.256409,546.614441,538.558716,541.30365
541.22406,542.337952,536.380676,540.040588
541.880432,550.532898,541.025146,550.343933
551.209167,551.965027,545.510498,551.86554
553.804871,554.530884,547.382202,553.317566
552.114197,561.910339,551.219116,561.860596
562.099304,569.514526,557.942139,561.53241
562.168884,576.788513,562.129089,575.485657
577.822815,579.264893,568.722839,572.850159
574.023682,576.698975,570.66217,574.083374
575.495605,576.400635,571.606995,572.134094
575.157471,581.204224,573.496582,579.483704
580.159973,582.238525,577.216125,579.150513
580.159973,581.810913,577.743286,581.53241
580.567749,583.223145,576.420532,579.065979
574.501099,576.358887,563.039124,567.967041
568.454346,573.566223,566.26239,572.929749
562.815369,573.436951,561.920288,567.976929
568.782532,577.673645,568.295227,576.012756
579.414063,582.009827,574.86908,581.671631
582.536926,582.601563,573.407104,581.582153
584.784546,585.182373,579.016235,579.473755
576.36084,577.812866,565.500549,570.59259
589.757202,593.536438,578.817322,591.825806
588.514038,591.149536,582.032654,586.246521
587.489685,596.37085,587.3703,591.487671
589.985962,594.580688,589.259949,592.720886
593.188354,596.22168,588.533936,590.105286
587.171387,588.623413,583.819824,585.79895
584.854187,589.259949,581.555298,587.3703
585.530457,586.47522,580.324097,582.407593
583.342468,586.276367,580.806396,584.207703
577.424988,580.458313,566.882996,568.474243
567.280762,572.810364,559.772095,562.974487
565.928223,572.203735,561.015259,570.015747
566.932678,568.852173,559.533386,561.979919
558.707947,567.579163,556.937683,563.276794
564.893921,566.77356,558.031616,560.279297
560.47821,567.131592,557.285767,565.659729
566.873047,567.3703,562.904846,564.774536
561.432922,562.80542,557.812866,559.65271
564.207703,571.855652,562.656189,571.636841
573.029175,574.739746,567.758179,571.507568
574.700012,576.21167,567.400146,570.343933
572.959534,581.313599,572.850159,578.976501
581.800964,584.128174,580.806396,583.650757
582.676147,583.491638,579.384216,581.293762
580.62738,581.30365,577.962036,580.179871
580.398682,582.035645,577.464783,579.374268
581.522461,581.800964,575.83374,577.027222
578.081421,578.618469,573.427002,574.700012
574.11322,575.326538,566.985413,567.877502
566.445374,570.115173,563.99884,566.087341
568.205688,568.911804,563.968018,568.474243
568.722839,574.670166,568.066467,574.172913
576.828308,579.801941,571.855652,574.779541
576.828308,582.795471,576.052551,578.797485
580.786499,583.342468,578.767639,582.875061
583.392212,588.533936,583.093811,586.495117
585.679626,585.779053,576.828308,577.832764
578.320068,580.309143,573.785034,579.911316
577.18634,578.628418,573.108765,578.170898
577.822815,578.45929,571.318604,572.472229
569.806885,571.805908,565.102783,569.966003
569.627869,578.320068,569.528442,576.778564
576.838257,584.30719,575.609985,581.572205
583.790039,586.316101,581.800964,586.047607
588.265381,593.21814,586.276367,592.820374
590.572693,590.700989,580.269348,584.157959
583.640808,583.640808,577.822815,577.952087
578.280273,586.40564,577.345459,584.774597
584.336975,584.764648,571.0401,571.915283
572.909851,576.082397,571.517517,573.944153
568.623413,575.028198,568.04657,573.208191
573.775085,576.679138,569.717407,574.202698
572.860107,574.421509,563.909302,565.162415
564.207703,568.782532,560.239502,566.962524
569.916321,574.068481,569.369324,572.134094
575.634827,577.822815,571.298706,574.192749
571.258911,572.124146,560.657227,560.657227
562.477173,570.74176,554.441406,569.369324
568.056519,568.364807,556.002808,557.812866
554.670105,562.039612,541.07489,541.512451
542.009766,546.495056,530.184753,530.294128
535.953064,544.197693,530.254395,534.998291
528.106201,529.886414,515.465698,527.131531
516.161865,526.534851,512.183716,521.641724
524.36676,528.076355,505.749115,508.374695
506.664093,518.906799,505.321472,517.991821
522.317993,523.909241,516.27124,523.660645
526.99231,536.848145,525.908264,529.796875
536.370728,544.227539,532.919739,541.005249
541.383179,541.90033,532.860046,536.828247
534.093262,541.432922,534.093262,537.812805
540.03064,545.977905,538.658142,545.898376
546.992371,551.159424,543.988831,546.325989
545.948059,549.777039,540.537842,547.300659
556.291199,556.51001,551.71637,556.022705
552.46228,554.849121,550.204651,552.183777
549.975952,552.46228,546.296143,551.079895
553.755127,553.755127,541.07489,542.934631
542.516968,543.894348,538.011719,539.075867
543.223083,543.223083,535.724304,538.051514
538.499023,546.584595,538.061462,544.496094
545.490601,548.921753,543.312561,547.280762
547.380188,547.449829,542.188782,544.317078
546.793457,546.793457,540.507996,542.397583
543.690491,543.690491,539.185242,541.422974
540.607422,540.816284,531.140503,533.576111
534.560669,538.97644,531.248901,532.104187
532.074341,535.296631,527.181274,534.053467
528.344849,532.183777,528.175781,531.905273
538.648193,539.175354,533.625854,534.560669
534.7099,539.732239,532.690979,536.321045
536.05249,541.005249,535.656677,538.121094
537.922241,538.588562,534.105225,537.414978
537.663635,539.036072,533.665649,538.867004
535.953064,538.449341,528.951538,530.88092
530.592529,532.571655,526.902832,530.831177
528.533813,533.064941,526.365784,528.41449
528.255371,534.40155,525.699402,534.371765
528.096252,529.975891,521.412964,522.387634
524.247375,528.096252,520.925659,524.098206
519.284668,531.268799,517.653687,530.453308
530.164856,533.397095,522.685974,523.183228
524.913757,531.000305,524.21759,525.450806
520.647217,525.609924,515.82373,515.82373
519.881409,520.239441,510.463196,510.990295
508.762543,510.244415,486.325928,492.680969
494.282166,504.227478,494.093201,502.129028
510.144958,511.059906,501.940063,508.305054
508.71283,514.888855,504.138977,513.526367
513.257813,523.581055,513.257813,521.999756
524.118103,531.63678,523.411987,527.688477
527.608948,528.851074,524.138,525.878418
525.878418,531.328491,524.426392,531.10968
529.279724,532.551758,527.112671,527.429932
525.202148,528.245422,524.247375,527.519409
528.344849,529.6875,522.924683,523.521423
526.114746,528.362366,521.231628,521.937744
520.39624,521.460388,510.252045,511.057617
512.181458,513.350037,498.3078,499.212799
504.22522,504.467896,496.915436,498.357513
495.264526,500.724487,488.312805,499.928864
501.997498,502.156616,492.082062,493.454498
492.231232,493.261566,484.891632,489.854309
496.109894,500.227234,489.69519,493.464447
491.94281,500.475861,490.301849,498.128784
502.80304,502.912445,495.035797,499.043732
497.273468,505.408722,497.263519,505.299316
508.203339,509.695129,503.246613,504.125763
504.473846,516.437988,503.429596,515.204773
518.625977,533.394714,516.855713,531.465332
532.658752,539.202759,530.082947,536.994873
535.582642,536.05011,526.771179,532.280823
527.069519,527.795532,515.354004,515.791565
519.918884,520.127686,507.208801,507.208801
508.203339,508.292847,498.45697,507.865204
513.036743,536.915344,512.698608,531.594604
528.819885,530.082947,515.712036,525.587646
525.110291,530.480713,520.39624,526.343506
526.343506,529.756714,518.417114,519.898987
520.92334,525.607544,519.232666,524.692566
524.752258,534.259949,523.528992,528.093872
525.110291,529.088379,523.141113,524.941223
526.403198,534.757202,524.036194,534.001343
532.370361,535.503113,530.458862,533.036682
534.309692,541.838257,531.746765,539.958557
540.376282,546.900391,540.157471,546.00531
543.837219,546.989868,538.128662,539.86908
538.436951,542.504578,534.568237,536.746277
535.097717,540.140015,535.067932,539.901306
540.157471,540.774109,532.867615,536.000366
533.116211,533.503113,526.512573,528.998901
527.099365,533.852173,525.358948,533.156006
532.967041,543.230591,532.514526,540.893433
540.237061,553.096313,538.536377,552.43988
551.206665,561.619385,549.874023,555.343933
557.46228,569.018677,555.692017,568.213074
567.327942,572.240906,563.419495,570.500488
568.740173,573.951538,564.901306,570.231995
571.872925,574.747131,570.27179,572.181274
571.733704,573.523865,563.658142,564.578125
563.757629,567.148926,560.450806,565.736694
561.161926,561.758606,551.694031,551.972473
552.101746,555.085327,547.666138,548.163452
550.480652,553.325012,547.447388,552.469727
550.470703,555.343933,541.241516,544.324585
547.934692,553.802368,543.01178,551.47522
548.690552,550.769104,545.000854,547.825317
549.476196,556.71637,544.006287,556.437866
556.328491,557.730774,553.101257,554.936157
558.576111,558.645752,555.990356,557.293213
557.362793,559.282227,552.787964,555.751648
559.48114,571.445313,558.13855,567.069397
567.377686,569.128052,555.682068,555.726807
554.53833,555.841187,547.636353,552.131592
549.97345,552.240967,545.130127,545.338989
548.601013,550.440918,545.169922,549.008789
546.989868,551.674133,543.727844,545.000854
545.597534,548.123657,536.547363,539.590576
537.889954,537.889954,530.925293,532.59906
529.30719,535.463318,526.671692,533.827332
535.135132,539.71991,533.066528,534.080933
535.433472,540.873535,535.433472,538.645813
538.06897,538.983948,532.559326,537.820374
539.322083,539.322083,534.369324,537.054565
535.463318,541.082397,534.369324,536.219177
533.315125,534.62793,525.201782,527.487183
525.808838,531.805847,520.358765,529.617859
526.999878,532.658752,526.711487,530.87854
525.766663,526.940247,518.158569,521.181885
522.72345,533.156006,521.629456,532.44989
534.570618,536.440369,530.756592,531.049988
531.475281,538.118713,528.839783,536.413086
538.039124,547.944641,537.273376,544.006287
563.00177,568.01416,554.200195,561.967468
563.390015,565.950012,553.200012,555.369995
554.640015,556.02002,550.366028,553.679993
550.469971,553.679993,546.905029,549.080017
547.869995,548.590027,535.049988,537.340027
538.429993,539.539978,532.099976,537.900024
538.530029,544.070007,535.059998,540.780029
538.210022,539.73999,530.390991,530.799988
531.23999,532.380005,521.085022,524.219971
523.98999,533.460022,521.75,530.700012
536.650024,541.150024,525,538.219971
538.369995,541.97998,535.400024,535.700012
531.599976,533.208984,525.26001,529.039978
530.559998,534.322021,528.655029,529.619995
533.77002,539,532.409973,538.400024
539.179993,539.273987,530.380005,533.849976
532.01001,534.820007,528.849976,532.299988
533.97998,540.659973,533.039978,537.359985
538.48999,542.919983,532.971985,539.27002
537.950012,543.840027,535.97998,542.51001
540.150024,544.190002,539.51001,540.109985
538.119995,539,529.880005,532.320007
532.799988,540.549988,531.710022,539.789978
538.01001,540.609985,536.25,539.780029
537.369995,538.630005,531.450012,532.109985
536.789978,536.789978,529.76001,533.98999
532.929993,543,531.330017,539.179993
539.909973,543.5,537.109985,540.309998
537.76001,540.590027,534.320007,536.700012
536.349976,537.200012,532.52002,533.330017
533.309998,534.119995,526.23999,526.830017
527.559998,529.200012,523.01001,526.690002
529.359985,538.359985,529.349976,536.690002
538.424988,538.97998,533.02002,534.609985
531.599976,533.119995,530.159973,532.330017
528,528.299988,524,527.200012
528.400024,529.640015,525.559998,528.150024
529.369995,530.97998,525.099976,529.26001
531,538.150024,530.789978,536.72998
537.210022,538.25,533.01001,536.690002
539.590027,543.73999,537.530029,538.190002
539.640015,541.499023,535.25,540.47998
540,540,535.659973,537.840027
538.869995,540.900024,535.22998,535.22998
537.26001,537.76001,531.349976,531.690002
525.01001,528.609985,520.539978,521.52002
526.02002,526.25,520.5,520.51001
524.72998,525.690002,518.22998,521.840027
521.080017,524.650024,521.080017,523.400024
519.5,525.25,519,522.859985
523.130005,526.179993,515.179993,525.02002
521.049988,522.734009,516.109985,516.830017
523.119995,523.77002,520.349976,520.679993
526.289978,532.559998,525.549988,530.130005
532.880005,547.109985,532.400024,546.549988
546.76001,565.848999,546.710022,561.099976
560.130005,566.502991,556.789978,560.219971
565.119995,580.679993,565,579.849976
649,674.468018,645,672.929993
659.23999,668.880005,653.01001,663.02002
655.210022,673,654.299988,662.299988
660.890015,678.640015,659,662.099976
661.27002,663.630005,641,644.280029
647,648.169983,622.52002,623.559998
621,634.299988,620.5,627.26001
632.830017,632.830017,623.309998,628
628.799988,633.359985,622.650024,631.929993
630,635.219971,622.049988,632.590027
631.380005,632.909973,625.5,625.609985
625.340027,633.05603,625.340027,631.210022
628.419983,634.809998,627.159973,629.25
634.330017,647.859985,633.159973,643.780029
645,645.379028,632.25,642.679993
640.22998,642.679993,629.710022,635.299988
639.47998,643.440002,631.249023,633.72998
669.200012,674.900024,654.27002,660.780029
663.080017,665,652.289978,659.559998
659.322021,664.5,651.661011,656.450012
655.01001,659.85498,652.659973,657.119995
656.799988,661.380005,651.23999,660.869995
661.900024,664,653.460022,656.130005
656.599976,667,654.190002,660.900024
655.460022,662.98999,642.900024,646.830017
639.780029,640.049988,612.330017,612.47998
573,599.330017,565.049988,589.609985
614.909973,617.450012,581.109985,582.059998
610.349976,631.710022,599.049988,628.619995
639.400024,643.590027,622,637.609985
632.820007,636.880005,624.559998,630.380005
627.539978,635.799988,617.679993,618.25
602.359985,612.859985,594.099976,597.789978
605.590027,614.340027,599.710022,614.340027
617,619.710022,602.820984,606.25
600,603.469971,595.25,600.700012
612.48999,616.309998,604.119995,614.659973
621.219971,626.52002,609.599976,612.719971
613.099976,624.159973,611.429993,621.349976
619.75,625.780029,617.419983,625.77002
625.700012,625.859985,619.429993,623.23999
626.700012,638.700012,623.780029,635.140015
635.469971,637.950012,632.320007,635.97998
637.789978,650.900024,635.02002,642.900024
636.789978,640,627.02002,629.25
634.400024,636.48999,625.940002,635.440002
627,627.549988,615.429993,622.690002
622.049988,628.929993,620,622.359985
616.640015,627.320007,612.400024,625.799988
629.77002,629.77002,611,611.969971
610.340027,614.60498,589.380005,594.890015
597.280029,605,590.219971,594.969971
603.280029,608.76001,600.72998,608.419983
608.369995,612.090027,599.849976,611.289978
607.200012,627.340027,603.130005,626.909973
632,643.01001,627,641.469971
638.840027,649.25,636.530029,645.440002
649.23999,650.609009,632.150024,642.359985
641.359985,644.450012,625.559998,639.159973
640,645.98999,635.317993,643.609985
642.090027,648.5,639.01001,646.669983
643.150024,657.812012,643.150024,652.299988
653.210022,659.390015,648.849976,651.159973
654.659973,663.130005,654.460022,661.73999
664.109985,664.969971,657.200012,662.200012
661.179993,666.820007,659.580017,666.099976
664.039978,664.719971,644.195007,650.280029
654.150024,655.869995,641.72998,642.609985
646.700012,657.799988,644.01001,651.789978
727.5,730,701.5,702
701.549988,719.150024,701.26001,712.780029
707.380005,713.619995,704.549988,708.48999
707.330017,712.97998,703.080017,712.950012
710.5,718.26001,710.01001,716.919983
715.72998,718,710.049988,710.809998
711.059998,721.619995,705.849976,721.109985
718.859985,724.650024,714.719971,722.159973
722,733.099976,721.900024,728.109985
729.469971,739.47998,729.469971,731.25
731.5,735.409973,727.01001,733.76001
730.200012,734.710022,719.429993,724.890015
724.400024,730.590027,718.5,728.320007
732.460022,741,730.22998,735.400024
731,737.799988,728.64502,731.22998
729.169983,731.150024,716.72998,717
715.599976,729.48999,711.330017,728.960022
729.289978,731.844971,723.026978,725.299988
727.580017,741.409973,727,740
738.73999,742,737.429993,738.409973
746.530029,757.919983,743,756.599976
757.450012,762.708008,751.820007,755.97998
752,755.278992,737.630005,748.280029
748.140015,752,746.059998,748.150024
748.460022,753.409973,747.48999,750.26001
748.809998,754.929993,741.27002,742.599976
747.109985,768.950012,746.700012,767.039978
768.900024,775.955017,758.960022,762.380005
766.01001,768.994995,745.630005,752.539978
753.099976,768.48999,750,766.809998
767.77002,768.72998,755.090027,763.25
757.890015,764.799988,754.200012,762.369995
759.169983,764.22998,737.000977,751.609985
752.849976,755.849976,743.830017,749.460022
741.159973,745.710022,736.75,738.869995
741.789978,748.72998,724.169983,747.77002
753,758.080017,743.01001,743.400024
750,760.590027,739.434998,758.090027
762.419983,762.679993,749,749.429993
746.51001,754.130005,738.150024,739.309998
746.130005,750,740,747.77002
751.650024,754.849976,745.530029,750
753.469971,754.210022,744,750.309998
749.549988,751.349976,746.619995,748.400024
752.919983,762.98999,749.52002,762.51001
766.690002,779.97998,766.429993,776.599976
776.599976,777.599976,766.900024,771
769.5,769.5,758.340027,758.880005
743,744.059998,731.257996,741.840027
746.450012,752,738.640015,742.580017
730,747.179993,728.919983,743.619995
730.309998,738.5,719.059998,726.390015
731.450012,733.22998,713,714.469971
716.609985,718.85498,703.539978,716.030029
721.679993,728.75,717.317017,726.070007
730.849976,734.73999,698.609985,700.559998
705.380005,721.924988,689.099976,714.719971
692.289978,706.73999,685.369995,694.450012
703.299988,709.97998,693.409973,701.789978
688.609985,706.849976,673.26001,698.450012
702.179993,719.190002,694.460022,706.590027
723.599976,728.130005,720.120972,725.25
723.580017,729.679993,710.01001,711.669983
713.849976,718.280029,706.47998,713.039978
713.669983,718.234985,694.390015,699.98999
722.219971,733.690002,712.349976,730.960022
731.530029,744.98999,726.799988,742.950012
750.460022,757.859985,743.27002,752
784.5,789.869995,764.650024,764.650024
770.219971,774.5,720.5,726.950012
722.809998,727,701.859985,708.01001
703.869995,703.98999,680.150024,683.570007
667.849976,684.030029,663.059998,682.73999
672.320007,699.900024,668.77002,678.109985
686.859985,701.309998,682.130005,684.119995
675,689.349976,668.867981,683.109985
690.26001,693.75,678.599976,682.400024
692.97998,698,685.049988,691
698.090027,709.75,691.380005,708.400024
710,712.349976,696.030029,697.349976
695.030029,703.080994,694.049988,700.909973
707.450012,713.23999,702.51001,706.460022
701.450012,708.400024,693.580017,695.849976
688.919983,700,680.780029,699.559998
700.01001,705.97998,690.585022,705.75
708.580017,713.429993,700.859985,705.070007
700.320007,710.890015,697.679993,697.77002
703.619995,718.809998,699.77002,718.809998
719,720,712,718.849976
718.679993,719.450012,706.02002,712.419983
714.98999,716.48999,706.02002,710.890015
706.900024,708.091003,686.900024,695.159973
688.590027,703.789978,685.340027,693.969971
698.469971,705.679993,694,705.23999
708.119995,716.440002,703.359985,712.820007
720,726.919983,717.125,726.820007
726.809998,735.5,725.150024,730.48999
726.919983,732.289978,724.77002,728.330017
726.369995,737.469971,724.51001,736.090027
736.450012,743.070007,736,737.780029
741.859985,742,731.830017,737.599976
736.5,742.5,733.515991,742.090027
737.460022,745,737.460022,740.75
742.359985,745.719971,736.150024,738.059998
732.01001,737.747009,731,735.299988
736.789978,738.98999,732.5,733.530029
734.590027,747.25,728.76001,744.77002
750.099976,757.880005,748.73999,750.530029
749.25,750.849976,740.940002,744.950012
738.599976,750.340027,737,749.909973
750.059998,752.799988,742.429993,745.289978
738,742.799988,735.369995,737.799988
735.77002,746.23999,735.559998,745.690002
745.369995,747,736.280029,740.280029
743.969971,745.450012,735.549988,739.150024
743.02002,745,736.049988,736.099976
738,743.830017,731.01001,743.090027
749.159973,754.380005,744.260986,751.719971
754.01001,757.309998,752.705017,753.200012
753.97998,761,752.69397,759
760.460022,768.049988,757.299988,766.609985
769.51001,769.900024,749.330017,753.929993
758,758.132019,750.01001,752.669983
755.380005,760.450012,749.549988,759.140015
726.299988,736.119995,713.609985,718.77002
716.099976,723.929993,715.590027,723.150024
725.419983,725.765991,703.026001,708.140015
707.289978,708.97998,692.36499,705.840027
708.26001,714.169983,689.549988,691.02002
690.700012,697.619995,689,693.01001
697.630005,700.640015,691,698.210022
696.869995,697.840027,692,692.359985
690.48999,699.75,689.01001,695.700012
697.700012,702.320007,695.719971,701.429993
698.380005,711.859985,698.106995,711.119995
712,718.710022,710,712.900024
716.75,723.5,715.719971,723.179993
723.409973,724.47998,712.799988,715.289978
717.059998,719.25,709,713.309998
711.929993,716.661987,709.26001,710.830017
709.130005,718.47998,705.650024,716.48999
715.98999,721.52002,704.109985,706.22998
703.669983,711.599976,700.630005,706.630005
702.359985,706,696.799988,700.320007
701.619995,714.580017,700.52002,709.73999
706.530029,711.478027,704.179993,704.23999
706.859985,720.969971,706.859985,720.090027
720.76001,727.51001,719.705017,725.27002
722.869995,728.330017,720.280029,724.119995
724.01001,733.935974,724,732.659973
731.73999,739.72998,731.26001,735.719971
734.530029,737.210022,730.659973,734.150024
732.5,733.02002,724.169983,730.400024
729.27002,729.48999,720.559998,722.340027
724.909973,724.909973,714.609985,716.549988
719.840027,721.97998,716.549988,716.650024
723.960022,728.570007,720.580017,728.280029
722.869995,729.539978,722.335999,728.580017
719.469971,725.890015,716.429993,719.409973
716.51001,725.440002,716.51001,718.359985
716.47998,722.469971,713.119995,718.27002
719,722.97998,717.309998,718.919983
714.909973,716.650024,703.26001,710.359985
708.650024,708.820007,688.452026,691.719971
698.77002,702.47998,693.409973,693.710022
698.400024,702.77002,692.01001,695.940002
699.059998,700.859985,693.08197,697.460022
697.450012,701.950012,687,701.869995
675.169983,689.400024,673.450012,675.219971
671,672.299988,663.283997,668.26001
678.969971,680.330017,673,680.039978
683,687.429016,681.409973,684.109985
685.469971,692.320007,683.650024,692.099976
692.200012,700.650024,692.130005,699.210022
696.059998,696.940002,688.880005,694.950012
689.97998,701.679993,689.090027,697.77002
698.080017,698.200012,688.215027,695.359985
699.5,705.710022,696.434998,705.630005
708.049988,716.51001,707.23999,715.090027
719.119995,722.940002,715.909973,720.640015
723.619995,724,716.849976,716.97998
721.580017,722.210022,718.030029,720.950012
725.72998,725.73999,719.054993,719.849976
722.710022,736.130005,721.190002,733.780029
729.890015,736.98999,729,736.960022
737.330017,742.130005,737.099976,741.190002
740.359985,741.690002,735.830994,738.630005
741.859985,743.23999,736.559998,742.73999
740.669983,742.609985,737.5,739.77002
739.039978,741.690002,734.27002,738.419983
738.280029,744.460022,737,741.77002
747.039978,748.650024,739.299988,745.909973
772.710022,778.549988,766.77002,768.789978
761.090027,780.429993,761.090027,772.880005
768.690002,775.840027,767.849976,771.070007
767.179993,773.210022,766.820007,773.179993
772.219971,774.070007,768.794983,771.609985
773.780029,783.039978,772.340027,782.219971
782,782.630005,778.091003,781.76001
781.099976,788.940002,780.570007,784.26001
783.75,786.812012,782.778015,784.679993
785,789.75,782.969971,784.849976
781.5,783.39502,780.400024,783.219971
783.75,787.48999,780.109985,782.440002
780.299988,780.97998,773.44397,777.140015
777.320007,780.809998,773.530029,779.909973
780.01001,782.859985,777,777.5
775,777.099976,773.130005,775.419983
773.27002,774.539978,770.049988,772.150024
775.47998,776.440002,771.784973,772.080017
770.580017,774.5,767.070007,769.640015
767,771.890015,763.184998,769.409973
769,776.080017,765.849976,769.539978
768.73999,774.98999,766.61499,772.150024
769.330017,774.466003,766.840027,769.090027
767.01001,769.090027,765.380005,767.049988
769.25,771.02002,764.299988,768.780029
773.01001,773.919983,768.409973,771.460022
773.450012,782,771,780.080017
780,782.72998,776.200012,780.349976
778.590027,780.349976,773.580017,775.320007
770.099976,773.244995,759.659973,759.659973
755.130005,770.289978,754,769.02002
764.47998,766.219971,755.799988,759.690002
759.609985,767.679993,759.109985,762.48999
762.890015,773.799988,759.960022,771.76001
769.75,769.75,764.659973,768.880005
772.419983,774,764.440979,765.700012
769,773.330017,768.530029,771.409973
772.659973,777.159973,768.301025,776.219971
780,789.849976,778.440002,787.210022
786.590027,788.929993,784.150024,786.900024
782.73999,782.73999,773.070007,774.210022
775.5,785.98999,774.307983,783.01001
777.849976,781.809998,774.969971,781.559998
781.440002,785.799988,774.231995,775.01001
776.330017,780.940002,774.090027,777.289978
774.25,776.065002,769.5,772.559998
776.030029,778.710022,772.890015,776.429993
779.309998,782.070007,775.650024,776.469971
779,780.47998,775.539978,776.859985
779.659973,779.659973,770.75,775.080017
777.710022,789.380005,775.869995,785.940002
786.659973,792.280029,780.580017,783.070007
783.76001,788.130005,782.059998,786.140015
781.219971,781.219971,773,778.190002
781.650024,783.950012,776,778.530029
779.799988,785.849976,777.5,779.960022
787.849976,801.609985,785.565002,795.26001
798.23999,804.599976,798.030029,801.5
803.299988,803.969971,796.030029,796.969971
795,799.5,794,799.369995
804.900024,815.179993,804.820007,813.109985
816.679993,816.679993,805.140015,807.669983
806.340027,806.97998,796.320007,799.070007
801,803.48999,791.5,795.349976
808.349976,815.48999,793.590027,795.369995
795.469971,796.859985,784,784.539978
782.890015,789.48999,775.539978,783.609985
778.200012,781.650024,763.450012,768.700012
767.25,769.950012,759.030029,762.130005
750.659973,770.359985,750.560974,762.02002
774.5,785.190002,772.549988,782.52002
783.400024,795.632996,780.190002,790.51001
779.940002,791.22699,771.669983,785.309998
791.169983,791.169983,752.179993,762.559998
756.539978,760.780029,750.380005,754.02002
755.599976,757.849976,727.539978,736.080017
746.969971,764.416016,746.969971,758.48999
755.200012,766.359985,750.51001,764.47998
766.919983,772.700012,764.22998,771.22998
771.369995,775,760,760.539978
762.609985,769.700012,760.599976,769.200012
772.630005,776.960022,767,768.27002
767.72998,768.28302,755.25,760.98999
764.26001,765,760.52002,761.679993
760,779.530029,759.799988,768.23999
771.530029,778.5,768.23999,770.840027
770.070007,772.98999,754.830017,758.039978
757.440002,759.849976,737.025024,747.919983
744.590027,754,743.099976,750.5
757.710022,763.900024,752.900024,762.52002
764.72998,768.830017,757.340027,759.109985
761,771.359985,755.799988,771.190002
772.47998,778.179993,767.22998,776.419983
780,789.429993,779.020996,789.289978
785.039978,791.25,784.35498,789.27002
793.900024,804.380005,793.340027,796.099976
797.400024,804,794.01001,797.070007
797.340027,803,792.919983,797.849976
800.400024,800.856018,790.289978,790.799988
790.219971,797.659973,786.27002,794.200012
796.76001,798.650024,793.27002,796.419983
795.840027,796.676025,787.099976,794.559998
792.359985,793.320007,788.580017,791.26001
790.900024,792.73999,787.280029,789.909973
790.679993,797.859985,787.656982,791.549988
793.700012,794.22998,783.200012,785.049988
783.330017,785.929993,778.919983,782.789978
782.75,782.780029,770.409973,771.820007
778.809998,789.630005,775.799988,786.140015
788.359985,791.340027,783.159973,786.900024
786.080017,794.47998,785.02002,794.02002
795.26001,807.900024,792.203979,806.150024
806.400024,809.966003,802.830017,806.650024
807.859985,809.130005,803.51001,804.789978
805,808.150024,801.369995,807.909973
807.140015,807.390015,799.169983,806.359985
807.47998,811.223999,806.690002,807.880005
807.080017,807.140015,800.369995,804.609985
805.809998,806.205017,800.98999,806.070007
805.119995,809.47998,801.799988,802.174988
806.909973,806.909973,801.690002,805.02002
807.25,820.869995,803.73999,819.309998
822.299988,825.900024,817.820984,823.869995
829.619995,835.77002,825.059998,835.669983
837.809998,838,827.01001,832.150024
834.710022,841.950012,820.440002,823.309998
814.659973,815.840027,799.799988,802.320007
796.859985,801.25,790.52002,796.789978
799.679993,801.190002,791.190002,795.695007
793.799988,802.700012,792,798.530029
802.98999,806,800.369995,801.48999
799.700012,801.669983,795.25,801.340027
803.98999,810.5,801.780029,806.969971
807,811.840027,803.190002,808.380005
809.51001,810.659973,804.539978,809.559998
811.700012,815.25,809.780029,813.669983
816,820.958984,815.48999,819.23999
819,823,816,820.450012
819.359985,823,818.469971,818.97998
819.929993,824.400024,818.97998,824.159973
823.02002,828.070007,821.655029,828.070007
828.659973,833.450012,828.349976,831.659973
828.659973,833.25,828.640015,830.76001
830.119995,832.460022,822.880005,831.330017
827.72998,829,824.200012,828.640015
824.549988,830.5,824,829.280029
825.609985,828.539978,820.200012,823.210022
828.849976,836.255005,827.26001,835.23999
833.849976,834.51001,829.640015,830.630005
830.559998,831.359985,825.750977,829.080017
826.950012,828.880005,822.400024,827.780029
827.400024,833.409973,826.52002,831.909973
833.51001,838.150024,831.789978,835.369995
836,842,834.210022,838.679993
843.280029,844.909973,839.5,843.25
844,848.684998,843.25,845.539978
843.640015,847.23999,840.799988,845.619995
847.590027,848.630005,840.77002,847.200012
849.030029,850.849976,846.130005,848.780029
851.609985,853.400024,847.109985,852.119995
850.01001,850.219971,845.150024,848.400024
851.400024,853.5,829.02002,830.460022
831.909973,835.549988,827.179993,829.590027
821,822.570007,812.257019,817.580017
820.080017,821.929993,808.890015,814.429993
806.950012,821.630005,803.369995,819.51001
820.409973,825.98999,814.026978,820.919983
825,832.765015,822.380005,831.409973
833.5,833.679993,829,831.5
828.969971,831.640015,827.390015,829.559998
829.219971,840.849976,829.219971,838.549988
831.359985,835.179993,829.036011,834.570007
835.51001,842.450012,830.719971,831.409973
832.400024,836.390015,826.460022,827.880005
827.960022,828.484985,820.513,824.669983
825.390015,829.349976,823.77002,824.72998
824.710022,827.427002,817.02002,823.349976
821.929993,826.659973,821.02002,824.320007
822.140015,826.380005,821.440002,823.559998
825.01001,837.75,824.469971,837.169983
834.219971,838.929993,832.710022,836.820007
839.789978,842.219971,836.289978,838.210022
841.440002,845.200012,839.320007,841.650024
842.880005,843.880005,840.599976,843.190002
851.200012,863.450012,849.859985,862.76001
865,875,862.809998,872.299988
874.22998,876.049988,867.747986,871.72998
873.599976,875.400024,870.380005,874.25
910.659973,916.849976,905.77002,905.960022
901.940002,915.679993,901.450012,912.570007
909.619995,920.77002,909.453003,916.440002
914.859985,928.099976,912.54303,927.039978
926.070007,935.929993,924.590027,931.659973
933.539978,934.900024,925.200012,927.130005
926.119995,936.924988,925.26001,934.299988
936.950012,937.5,929.530029,932.169983
931.97998,932,925.159973,928.780029
925.320007,932.530029,923.030029,930.599976
931.530029,933.440002,927.849976,932.219971
932.950012,938.25,929.340027,937.080017
940,943.109985,937.580017,943
935.669983,939.333008,918.140015,919.619995
921,933.169983,918.75,930.23999
931.469971,937.755005,931,934.01001
935,941.882996,935,941.859985
947.919983,951.46698,942.575012,948.820007
952.97998,955.090027,949.5,954.960022
957.330017,972.629028,955.469971,969.539978
969.700012,974.97998,965.030029,971.469971
970.309998,976.200012,969.48999,975.880005
975.02002,979.27002,960.179993,964.859985
968.950012,971.5,960.01001,966.950012
969.460022,975.880005,966,975.599976
976.549988,986.909973,975.099976,983.679993
983.159973,988.25,975.140015,976.570007
980,983.97998,975.940002,980.940002
982.349976,984.570007,977.200012,983.409973
984.5,984.5,935.630005,949.830017
939.559998,949.35498,915.232971,942.900024
951.909973,959.97998,944.090027,953.400024
959.919983,961.150024,942.25,950.76001
933.969971,943.338989,924.440002,942.309998
940,942.039978,931.594971,939.780029
949.960022,959.98999,949.049988,957.369995
957.52002,961.619995,950.01001,950.630005
953.640015,960.099976,950.76001,959.450012
958.700012,960.719971,954.549988,957.090027
956.830017,966,954.200012,965.590027
969.900024,973.309998,950.789978,952.27002
942.460022,948.289978,926.849976,927.330017
929,942.75,916,940.48999
929.919983,931.26001,910.619995,917.789978
926.049988,926.049988,908.309998,908.72998
912.179993,913.940002,894.789978,898.700012
901.76001,914.51001,898.5,911.710022
904.119995,914.94397,899.700012,906.690002
908.849976,921.539978,908.849976,918.590027
921.77002,930.380005,919.590027,928.799988
929.539978,931.429993,922,930.090027
938.679993,946.299988,934.469971,943.830017
946.289978,954.450012,943.01001,947.159973
952,956.909973,948.005005,955.98999
957,960.73999,949.241028,953.419983
953,968.039978,950.599976,965.400024
967.840027,973.039978,964.030029,970.890015
975,975.900024,961.51001,968.150024
962.25,973.22998,960.150024,972.919983
972.219971,986.200012,970.77002,980.340027
953.809998,959.700012,945.400024,950.700012
954.679993,955,942.278992,947.799988
951.780029,951.780029,920,934.090027
929.400024,943.830017,927.5,941.530029
941.890015,943.590027,926.039978,930.5
932.380005,937.447021,929.26001,930.830017
928.609985,932.599976,916.679993,930.390015
930.340027,932.23999,922.23999,923.650024
926.75,930.307007,923.030029,927.960022
929.059998,931.700012,926.5,929.359985
927.090027,935.814026,925.609985,926.789978
920.609985,925.97998,917.25,922.900024
917.549988,919.26001,906.130005,907.23999
907.969971,917.780029,905.580017,914.390015
922.530029,924.66803,918.190002,922.669983
924.22998,926.549988,919.820007,922.219971
925.289978,932.700012,923.445007,926.960022
925.780029,926.859985,910.97998,910.97998
910.309998,915.275024,907.153992,910.669983
910,913,903.400024,906.659973
912.719971,925.859985,911.474976,924.690002
921.929993,929.929993,919.359985,927
928.659973,930.840027,915.5,921.280029
923.48999,925.554993,915.5,915.890015
916,919.244995,911.869995,913.809998
905.099976,923.330017,905,921.289978
920.049988,930.81897,919.650024,929.570007
931.76001,941.97998,931.76001,939.330017
941.130005,942.47998,935.150024,937.340027
933.080017,937,921.960022,928.450012
930.150024,930.914978,919.27002,927.809998
931.72998,936.409973,923.619995,935.950012
936.48999,936.98999,924.880005,926.5
934.25,938.380005,926.919983,929.080017
932.590027,933.47998,923.861023,932.070007
930.659973,937.25,929.859985,935.090027
931.25,932.77002,924,925.109985
924.659973,926.48999,916.359985,920.289978
920.01001,922.080017,910.599976,915
917.419983,922.419983,912.549988,921.809998
922.97998,933.880005,922,931.580017
933,936.530029,923.830017,932.450012
927.75,934.72998,926.47998,928.530029
925.450012,926.400024,909.700012,920.969971
923.719971,930.820007,921.140015,924.859985
927.73999,949.900024,927.73999,944.48999
941.359985,950.690002,940.549988,949.5
952,959.786011,951.51001,959.109985
959.97998,962.539978,947.840027,953.27002
954,958,949.140015,957.789978
957,960.390015,950.690002,951.679993
955.48999,970.909973,955.179993,969.960022
966.700012,979.460022,963.359985,978.890015
980,985.424988,976.109985,977
980,981.570007,966.080017,972.599976
973.719971,990.710022,972.25,989.25
987.450012,994.119995,985,987.830017
992,997.210022,989,989.679993
992.099976,993.906982,984,992
990.289978,996.440002,988.590027,992.179993
991.77002,996.719971,986.974976,992.809998
986,988.880005,978.390015,984.450012
989.440002,991,984.580017,988.200012
989.52002,989.52002,966.119995,968.450012
970,972.22998,961,970.539978
968.369995,976.090027,960.52002,973.330017
980,987.599976,972.200012,972.559998
1009.190002,1048.390015,1008.200012,1019.27002
1014,1024.969971,1007.5,1017.109985
1015.219971,1024,1010.419983,1016.640015
1017.210022,1029.670044,1016.950012,1025.5
1021.76001,1028.089966,1013.01001,1025.579956
1022.109985,1032.650024,1020.309998,1032.47998
1028.98999,1034.869995,1025,1025.900024
1027.27002,1033.969971,1025.130005,1033.329956
1030.52002,1043.521973,1028.449951,1039.849976
1033.98999,1033.98999,1019.666016,1031.26001
1026.459961,1030.76001,1025.280029,1028.069946
1023.419983,1031.579956,1022.570007,1025.75
1022.590027,1026.810059,1014.150024,1026
1019.210022,1024.089966,1015.419983,1020.909973
1022.52002,1035.920044,1022.52002,1032.5
1034.01001,1034.420044,1017.75,1019.090027
1020.26001,1022.609985,1017.5,1018.380005
1023.309998,1035.109985,1022.655029,1034.48999
1035,1039.706055,1031.430054,1035.959961
1035.869995,1043.177979,1035,1040.609985
1040,1055.459961,1038.439941,1054.209961
1055.089966,1062.375,1040,1047.410034
1042.680054,1044.079956,1015.650024,1021.659973
1022.369995,1028.48999,1015,1021.409973
1015.799988,1022.48999,1002.02002,1010.169983
1012.659973,1016.099976,995.570007,998.679993
995.940002,1020.609985,988.280029,1005.150024
1001.5,1024.969971,1001.140015,1018.380005
1020.429993,1034.23999,1018.070984,1030.930054
1037.48999,1042.050049,1032.521973,1037.050049
1035.5,1043.800049,1032.050049,1041.099976
1039.630005,1050.310059,1033.689941,1040.47998
1046.119995,1046.665039,1038.380005,1040.609985
1045,1058.5,1043.109985,1049.150024
1054.609985,1067.619995,1049.5,1064.189941
1066.079956,1078.48999,1062,1077.140015
1075.199951,1076.839966,1063.550049,1070.680054
1071.780029,1073.380005,1061.52002,1064.949951
1064.949951,1069.329956,1061.793945,1063.630005
1061.109985,1064.199951,1059.439941,1060.119995
1058.069946,1060.119995,1050.199951,1056.73999
1057.390015,1058.369995,1048.050049,1049.369995
1051.599976,1054.75,1044.77002,1048.140015
1046.719971,1049.699951,1044.900024,1046.400024
1048.339966,1066.939941,1045.22998,1065
1064.310059,1086.290039,1063.209961,1082.47998
1088,1093.569946,1084.001953,1086.400024
1094,1104.25,1092,1102.22998
1102.22998,1111.27002,1101.619995,1106.939941
1109.400024,1110.569946,1101.230957,1106.26001
1097.099976,1104.599976,1096.109985,1102.609985
1106.300049,1106.525024,1099.589966,1105.52002
1102.410034,1124.290039,1101.150024,1122.26001
1132.51001,1139.910034,1117.832031,1121.76001
1126.219971,1132.599976,1117.01001,1131.97998
1131.410034,1132.51001,1117.5,1129.790039
1131.829956,1137.859985,1128.300049,1137.51001
1137.48999,1159.880005,1135.109985,1155.810059
1159.849976,1171.626953,1158.75,1169.969971
1177.329956,1179.859985,1161.050049,1164.23999
1172.530029,1175.939941,1162.76001,1170.369995
1175.079956,1175.839966,1158.109985,1175.839966
1176.47998,1186.890015,1171.97998,1175.579956
1167.829956,1176.52002,1163.52002,1163.689941
1170.569946,1173,1159.130005,1169.939941
1162.609985,1174,1157.52002,1167.699951
1122,1123.069946,1107.277954,1111.900024
1090.599976,1110,1052.030029,1055.800049
1027.180054,1081.709961,1023.137024,1080.599976
1081.540039,1081.780029,1048.26001,1048.579956
1055.410034,1058.619995,1000.659973,1001.52002
1017.25,1043.969971,992.559998,1037.780029
1048,1061.5,1040.927979,1051.939941
1045,1058.369995,1044.087036,1052.099976
1048.949951,1071.719971,1046.75,1069.699951
1079.069946,1091.479004,1064.339966,1089.52002
1088.410034,1104.670044,1088.312988,1094.800049
1090.569946,1113.949951,1088.52002,1102.459961
1106.469971,1133.969971,1106.329956,1111.339966
1116.189941,1122.819946,1102.589966,1106.630005
1112.640015,1127.280029,1104.713989,1126.790039
1127.800049,1143.959961,1126.694946,1143.75
1141.23999,1144.040039,1118,1118.290039
1123.030029,1127.530029,1103.23999,1104.72998
1107.869995,1110.119995,1067.000977,1069.52002
1053.079956,1081.999023,1048.11499,1078.920044
1075.140015,1097.099976,1069,1090.930054
1099.219971,1101.849976,1089.775024,1095.060059
1089.189941,1112.219971,1085.482056,1109.640015
1115.319946,1127.599976,1112.800049,1126
1136,1160.800049,1132.46106,1160.040039
1163.849976,1177.050049,1157.420044,1164.5
1170,1176.76001,1133.329956,1138.170044
1145.209961,1158.589966,1141.439941,1149.48999
1149.959961,1161.079956,1134.540039,1149.579956
1154.140015,1155.880005,1131.959961,1135.72998
1120.01001,1121.98999,1089.01001,1099.819946
1099,1105.199951,1083.459961,1097.709961
1092.73999,1106.300049,1085.150024,1090.880005
1081.880005,1082.900024,1045.910034,1049.079956
1047.030029,1063.359985,1021.219971,1021.570007
1046,1055.630005,1008.400024,1053.209961
1063,1064.838989,996.919983,1005.099976
998,1024.22998,980.640015,1004.559998
1011.630005,1043,1002.900024,1031.790039
1022.820007,1034.800049,990.369995,1006.469971
1013.909973,1020.98999,994.070007,1013.409973
993.409973,1028.718018,993,1025.140015
1041.329956,1042.790039,1020.130981,1027.810059
1020,1031.420044,1003.030029,1007.039978
1016.799988,1039.599976,1014.080017,1015.450012
1026.439941,1036.280029,1011.340027,1031.640015
1027.98999,1031.364014,1015.869995,1019.969971
1025.040039,1040.689941,1021.434998,1032.51001
1040.880005,1046.420044,1022.97998,1029.27002
1037,1043.23999,1026.73999,1037.97998
1051.369995,1077.880005,1048.26001,1074.160034
1077.430054,1077.430054,1066.224976,1072.079956
1069.400024,1094.165039,1068.180054,1087.699951
1082,1092.349976,1069.569946,1072.959961
1077.859985,1082.719971,1060.699951,1067.449951
1052,1057,1010.590027,1019.97998
1025.52002,1032.48999,1015.309998,1021.179993
1029.51001,1047.97998,1018.190002,1040.040039
1046,1049.5,1025.589966,1030.050049
1030.01001,1037,1016.849976,1017.330017
1013.659973,1038.469971,1008.210022,1037.310059
1028.099976,1040.389038,1022.869995,1024.380005
1019,1029.675049,1006.289978,1023.719971
1016.900024,1048.51001,1016.900024,1048.209961
1049.22998,1061.680054,1047.099976,1054.790039
1058.540039,1060.550049,1047.14502,1053.910034
1058.099976,1085.439941,1056.36499,1082.76001
1086.030029,1100.439941,1085.640015,1097.569946
1093.599976,1101.329956,1090.910034,1098.26001
1100,1110.75,1099.109985,1100.199951
1090,1090.050049,1073.469971,1079.22998
1077.310059,1089.27002,1076.26001,1081.77002
1079.890015,1086.869995,1073.5,1078.589966
1061.859985,1069.939941,1060.680054,1066.359985
1074.060059,1088,1073.650024,1079.579956
1083.560059,1086.589966,1066.689941,1069.72998
1065.130005,1080.780029,1061.709961,1079.689941
1079,1080.469971,1066.150024,1079.23999
1079.02002,1082.560059,1073.775024,1075.660034
1064.890015,1073.369995,1055.219971,1060.319946
1063.030029,1069.209961,1056.829956,1067.800049
1067.560059,1097.189941,1067.560059,1084.98999
1099.349976,1120,1098.5,1119.5
1122.329956,1141.890015,1122.005005,1139.290039
1140.98999,1145.738037,1133.189941,1139.660034
1142.170044,1143,1125.743042,1136.880005
1131.319946,1135.819946,1116.52002,1123.859985
1118.180054,1126.670044,1112.150024,1120.869995
1118.599976,1137.26001,1118.599976,1129.98999
1131.069946,1139.790039,1130.734985,1139.319946
1141.119995,1146.5,1133.380005,1134.790039
1143.849976,1155.469971,1140.640015,1152.119995
1148.859985,1153.420044,1143.484985,1152.26001
1143.650024,1174.310059,1143.589966,1173.459961
1158.5,1171.27002,1154.01001,1168.060059
1175.310059,1186.286011,1169.160034,1169.839966
1174.849976,1177.295044,1152.232056,1157.660034
1159.140015,1162.496948,1147.26001,1155.47998
1143.599976,1143.910034,1112.780029,1124.810059
1128,1133.209961,1116.659058,1118.459961
1121.339966,1131.83606,1103.619995,1103.97998
1102.089966,1122.310059,1096.01001,1114.219971
1120,1128.227051,1115,1115.650024
1099,1128,1093.800049,1127.459961
1135.819946,1135.819946,1100.02002,1102.890015
1110.530029,1127.5,1108.47998,1124.27002
1123.579956,1140.930054,1120.737061,1140.170044
1148.47998,1154.670044,1143.420044,1154.050049
1156.97998,1159.589966,1149.589966,1152.839966
1144.589966,1164.290039,1141,1153.900024
1159.890015,1184.410034,1155.935059,1183.47998
1185,1195.416992,1180,1188.819946
1189.390015,1191,1179.280029,1183.859985
1172.219971,1203.040039,1170.599976,1198.800049
1196.560059,1204.5,1190.339966,1195.880005
1191,1200,1183.319946,1186.959961
1186.959961,1196.859985,1184.219971,1184.910034
1181.01001,1206.48999,1181,1205.5
1262.589966,1266,1235.560059,1248.079956
1239.130005,1265.859985,1239.130005,1263.699951
1251,1269.770996,1249.02002,1268.329956
1271,1273.890015,1231,1238.5
1228.01001,1234.916016,1211.469971,1219.73999
1220.01001,1227.588013,1205.599976,1217.26001
1228,1233.469971,1210.209961,1220.01001
1205.900024,1229.880005,1204.790039,1226.150024
1229.619995,1230,1215.060059,1223.709961
1225,1226.088013,1215.796997,1224.77002
1237,1251.170044,1236.170044,1242.219971
1240.469971,1256.5,1238.008057,1245.609985
1249.900024,1255.541992,1246.01001,1249.099976
1243,1245.694946,1232,1237.609985
1236.97998,1249.272949,1233.640991,1235.01001
1235.189941,1245.869995,1225.109985,1242.099976
1229.26001,1235.23999,1209.51001,1214.380005
1224.72998,1226,1202.550049,1206.48999
1202.030029,1209.02002,1188.23999,1200.959961
1205.02002,1211,1194.625977,1207.77002
1208,1217.26001,1200.354004,1201.619995
1200,1211.839966,1199,1207.329956
1207.140015,1221.280029,1204.23999,1205.380005
1208.819946,1221.650024,1206.359009,1220.650024
1227.599976,1243.089966,1225.715942,1241.819946
1241.290039,1242.545044,1228.689941,1231.150024
1237.449951,1250.660034,1236.359009,1249.300049
1244.22998,1253.63501,1232.589966,1239.119995
1234.97998,1238.660034,1211.285034,1218.189941
1204.27002,1212.98999,1192.5,1197
1193.800049,1199.01001,1162,1186.47998
1186.300049,1186.300049,1152,1171.439941
1158.670044,1175.26001,1157.214966,1164.829956
1172.189941,1174.540039,1160.109985,1164.640015
1161.630005,1178.680054,1156.23999,1177.359985
1172.719971,1178.609985,1158.359985,1162.819946
1170.73999,1178.609985,1162.849976,1175.329956
1179.099976,1180.425049,1168.329956,1172.530029
1170.140015,1177.23999,1154.030029,1156.050049
1157.089966,1176.079956,1157.089966,1161.219971
1164.97998,1173.209961,1154.579956,1171.089966
1179.98999,1189.890015,1173.359985,1186.869995
1192,1192.209961,1166.040039,1166.089966
1157.170044,1178,1146.910034,1173.369995
1176.150024,1186.880005,1168,1184.650024
1185.150024,1194.22998,1174.765015,1180.48999
1186.72998,1202.099976,1183.630005,1194.640015
1191.869995,1195.410034,1184.5,1193.469971
1199.890015,1209.900024,1190.300049,1195.310059
1190.959961,1209.959961,1186.630005,1200.109985
1205,1206.410034,1193.829956,1202.949951
1195.329956,1197.51001,1155.57605,1168.189941
1167.5,1173.5,1145.119995,1157.349976
1150.109985,1168,1127.364014,1148.969971
1146.150024,1154.349976,1137.572021,1138.819946
1131.079956,1132.170044,1081.130005,1081.219971
1072.939941,1106.400024,1068.27002,1079.319946
1108,1115,1086.401978,1110.079956
1108.910034,1113.446045,1089,1092.25
1104.589966,1124.219971,1102.5,1121.280029
1126.459961,1128.98999,1102.189941,1115.689941
1121.839966,1121.839966,1077.089966,1087.969971
1093.369995,1110.359985,1087.75,1096.459961
1103.060059,1112.22998,1091,1101.160034
1080.890015,1107.890015,1070,1103.689941
